{
  "code": "600091",
  "name": "退市明科",
  "latest_close": 0.74,
  "kalman_price": 0.7284512740776649,
  "particle_price": 0.7375339956358483,
  "market_state": 1,
  "ensemble_forecast": 0.7267000000000001,
  "forecast_change_pct": -1.8,
  "confidence": 0.85,
  "analysis_date": "2022-06-15"
}