{
  "code": "600029",
  "name": "南方航空",
  "latest_close": 7.75,
  "kalman_price": 7.874459670986255,
  "particle_price": 7.781046027722962,
  "market_state": 0,
  "ensemble_forecast": 7.718600000000001,
  "forecast_change_pct": -0.41,
  "confidence": 0.95,
  "analysis_date": "2026-01-13"
}