{
  "code": "600037",
  "name": "歌华有线",
  "latest_close": 7.96,
  "kalman_price": 7.9041511668548985,
  "particle_price": 7.968083145685096,
  "market_state": 1,
  "ensemble_forecast": 8.0418,
  "forecast_change_pct": 1.03,
  "confidence": 0.85,
  "analysis_date": "2026-01-13"
}