{
  "code": "600084",
  "name": "中信尼雅",
  "latest_close": 5.5,
  "kalman_price": 5.356966876852256,
  "particle_price": 5.475201326815114,
  "market_state": 2,
  "ensemble_forecast": 5.5588,
  "forecast_change_pct": 1.07,
  "confidence": 0.85,
  "analysis_date": "2026-01-13"
}