{
  "code": "600094",
  "name": "大名城",
  "latest_close": 4.79,
  "kalman_price": 4.651431274402253,
  "particle_price": 4.774477189792495,
  "market_state": 1,
  "ensemble_forecast": 4.754300000000003,
  "forecast_change_pct": -0.75,
  "confidence": 0.95,
  "analysis_date": "2026-01-13"
}