{
  "code": "600020",
  "name": "中原高速",
  "latest_close": 4.31,
  "kalman_price": 4.274193301755595,
  "particle_price": 4.299745685826048,
  "market_state": 0,
  "ensemble_forecast": 4.2787999999999995,
  "forecast_change_pct": -0.72,
  "confidence": 0.95,
  "analysis_date": "2026-01-13"
}