{
  "code": "600098",
  "name": "广州发展",
  "latest_close": 6.65,
  "kalman_price": 6.627848359107638,
  "particle_price": 6.641273011070788,
  "market_state": 0,
  "ensemble_forecast": 6.577800000000001,
  "forecast_change_pct": -1.09,
  "confidence": 0.85,
  "analysis_date": "2026-01-13"
}