{
  "code": "600008",
  "name": "首创环保",
  "latest_close": 3.02,
  "kalman_price": 3.0135207410271323,
  "particle_price": 3.0275852397739134,
  "market_state": 1,
  "ensemble_forecast": 2.9868999999999994,
  "forecast_change_pct": -1.1,
  "confidence": 0.85,
  "analysis_date": "2026-01-13"
}