{
  "code": "600017",
  "name": "日照港",
  "latest_close": 3.04,
  "kalman_price": 3.0286083392413716,
  "particle_price": 3.044418495743278,
  "market_state": 0,
  "ensemble_forecast": 3.0251,
  "forecast_change_pct": -0.49,
  "confidence": 0.95,
  "analysis_date": "2026-01-13"
}