{
  "code": "600032",
  "name": "浙江新能",
  "latest_close": 7.64,
  "kalman_price": 7.610294359374532,
  "particle_price": 7.63802204784009,
  "market_state": 2,
  "ensemble_forecast": 7.594900000000007,
  "forecast_change_pct": -0.59,
  "confidence": 0.95,
  "analysis_date": "2026-01-13"
}