{
  "code": "600023",
  "name": "浙能电力",
  "latest_close": 5.03,
  "kalman_price": 5.004539994020768,
  "particle_price": 5.0379612113298835,
  "market_state": 0,
  "ensemble_forecast": 5.025999999999996,
  "forecast_change_pct": -0.08,
  "confidence": 0.95,
  "analysis_date": "2026-01-13"
}