{
  "code": "600021",
  "name": "上海电力",
  "latest_close": 21.4,
  "kalman_price": 21.365283431732113,
  "particle_price": 21.349581872768045,
  "market_state": 0,
  "ensemble_forecast": 20.740200000000023,
  "forecast_change_pct": -3.08,
  "confidence": 0.85,
  "analysis_date": "2026-01-13"
}