{
  "code": "600022",
  "name": "山东钢铁",
  "latest_close": 1.56,
  "kalman_price": 1.5511137157545423,
  "particle_price": 1.5594209465656574,
  "market_state": 2,
  "ensemble_forecast": 1.5796000000000012,
  "forecast_change_pct": 1.26,
  "confidence": 0.85,
  "analysis_date": "2026-01-13"
}