{
  "code": "600031",
  "name": "三一重工",
  "latest_close": 22.33,
  "kalman_price": 22.137846426794606,
  "particle_price": 22.327265763586574,
  "market_state": 0,
  "ensemble_forecast": 22.1671,
  "forecast_change_pct": -0.73,
  "confidence": 0.95,
  "analysis_date": "2026-01-13"
}