{
  "code": "600075",
  "name": "新疆天业",
  "latest_close": 5.28,
  "kalman_price": 5.3503171913953524,
  "particle_price": 5.27904838412264,
  "market_state": 0,
  "ensemble_forecast": 5.194899999999995,
  "forecast_change_pct": -1.61,
  "confidence": 0.85,
  "analysis_date": "2026-01-13"
}