{
  "code": "600088",
  "name": "中视传媒",
  "latest_close": 18.18,
  "kalman_price": 17.39518175865154,
  "particle_price": 17.621629610111384,
  "market_state": 1,
  "ensemble_forecast": 17.95039999999999,
  "forecast_change_pct": -1.26,
  "confidence": 0.85,
  "analysis_date": "2026-01-13"
}