{
  "code": "600026",
  "name": "中远海能",
  "latest_close": 13.43,
  "kalman_price": 13.056958635561454,
  "particle_price": 13.386550589477952,
  "market_state": 0,
  "ensemble_forecast": 13.477200000000005,
  "forecast_change_pct": 0.35,
  "confidence": 0.95,
  "analysis_date": "2026-01-13"
}