{
  "code": "600005",
  "name": "武钢股份",
  "latest_close": 3.69,
  "kalman_price": 3.7228687918504817,
  "particle_price": 3.703606655785441,
  "market_state": 1,
  "ensemble_forecast": 3.6127000000000002,
  "forecast_change_pct": -2.09,
  "confidence": 0.85,
  "analysis_date": "2017-01-23"
}