{
  "code": "600018",
  "name": "XD上港集",
  "latest_close": 5.42,
  "kalman_price": 5.407328486105008,
  "particle_price": 5.421375853429317,
  "market_state": 0,
  "ensemble_forecast": 5.3995999999999995,
  "forecast_change_pct": -0.38,
  "confidence": 0.95,
  "analysis_date": "2026-01-13"
}