{
  "code": "600028",
  "name": "中国石化",
  "latest_close": 5.93,
  "kalman_price": 5.9891496075913135,
  "particle_price": 5.931697897379705,
  "market_state": 0,
  "ensemble_forecast": 5.915000000000001,
  "forecast_change_pct": -0.25,
  "confidence": 0.95,
  "analysis_date": "2026-01-13"
}