{
  "code": "600055",
  "name": "万东医疗",
  "latest_close": 17.42,
  "kalman_price": 17.156869154759026,
  "particle_price": 17.398561500737173,
  "market_state": 1,
  "ensemble_forecast": 17.542599999999986,
  "forecast_change_pct": 0.7,
  "confidence": 0.95,
  "analysis_date": "2026-01-13"
}