{
  "code": "600065",
  "name": "*ST联谊",
  "latest_close": 1.69,
  "kalman_price": 1.6748874389616752,
  "particle_price": 1.6819420585323406,
  "market_state": 2,
  "ensemble_forecast": 1.6623999999999994,
  "forecast_change_pct": -1.63,
  "confidence": 0.85,
  "analysis_date": "2006-02-21"
}