{
  "code": "600107",
  "name": "ST尔雅",
  "latest_close": 6.9,
  "kalman_price": 6.866214310964808,
  "particle_price": 6.898891721607929,
  "market_state": 1,
  "ensemble_forecast": 7.126799999999999,
  "forecast_change_pct": 3.29,
  "confidence": 0.85,
  "analysis_date": "2026-01-13"
}