{
  "code": "600112",
  "name": "*ST天成",
  "latest_close": 0.73,
  "kalman_price": 0.7777916152381967,
  "particle_price": 0.7439058085231856,
  "market_state": 1,
  "ensemble_forecast": 0.7109000000000006,
  "forecast_change_pct": -2.62,
  "confidence": 0.85,
  "analysis_date": "2024-07-19"
}