{
  "code": "600110",
  "name": "诺德股份",
  "latest_close": 7.42,
  "kalman_price": 7.455558740960249,
  "particle_price": 7.416075892834089,
  "market_state": 1,
  "ensemble_forecast": 7.316800000000009,
  "forecast_change_pct": -1.39,
  "confidence": 0.85,
  "analysis_date": "2026-01-13"
}