{
  "code": "600105",
  "name": "永鼎股份",
  "latest_close": 28.68,
  "kalman_price": 28.78222217840598,
  "particle_price": 27.796869242248537,
  "market_state": 0,
  "ensemble_forecast": 28.147400000000008,
  "forecast_change_pct": -1.86,
  "confidence": 0.85,
  "analysis_date": "2026-01-13"
}