{
  "code": "600100",
  "name": "同方股份",
  "latest_close": 9.53,
  "kalman_price": 9.465231960777569,
  "particle_price": 9.529735213400796,
  "market_state": 2,
  "ensemble_forecast": 9.412799999999988,
  "forecast_change_pct": -1.23,
  "confidence": 0.85,
  "analysis_date": "2026-01-13"
}