{
  "code": "600103",
  "name": "青山纸业",
  "latest_close": 4.13,
  "kalman_price": 4.161787546914154,
  "particle_price": 4.1540751126545175,
  "market_state": 0,
  "ensemble_forecast": 4.100699999999996,
  "forecast_change_pct": -0.71,
  "confidence": 0.95,
  "analysis_date": "2026-01-13"
}