{
  "code": "600108",
  "name": "亚盛集团",
  "latest_close": 3.48,
  "kalman_price": 3.421358267473844,
  "particle_price": 3.486319534079682,
  "market_state": 2,
  "ensemble_forecast": 3.4008999999999974,
  "forecast_change_pct": -2.27,
  "confidence": 0.85,
  "analysis_date": "2026-01-13"
}